<annotation>
	<folder>train</folder>
	<filename>tmp (11).jpg</filename>
	<path>C:\Users\olive\Downloads\labeling\train\tmp (11).jpg</path>
	<source>
		<database>Unknown</database>
	</source>
	<size>
		<width>640</width>
		<height>480</height>
		<depth>3</depth>
	</size>
	<segmented>0</segmented>
	<object>
		<name>anchorpoint</name>
		<pose>Unspecified</pose>
		<truncated>0</truncated>
		<difficult>0</difficult>
		<bndbox>
			<xmin>382</xmin>
			<ymin>28</ymin>
			<xmax>449</xmax>
			<ymax>86</ymax>
		</bndbox>
	</object>
</annotation>
