<annotation>
	<folder>labeling</folder>
	<filename>tmp (22).jpg</filename>
	<path>C:\Users\olive\Downloads\labeling\tmp (22).jpg</path>
	<source>
		<database>Unknown</database>
	</source>
	<size>
		<width>640</width>
		<height>480</height>
		<depth>3</depth>
	</size>
	<segmented>0</segmented>
	<object>
		<name>anchorpoint</name>
		<pose>Unspecified</pose>
		<truncated>0</truncated>
		<difficult>0</difficult>
		<bndbox>
			<xmin>226</xmin>
			<ymin>157</ymin>
			<xmax>356</xmax>
			<ymax>318</ymax>
		</bndbox>
	</object>
</annotation>
