<annotation>
	<folder>train</folder>
	<filename>tmp.jpg</filename>
	<path>C:\Users\olive\Downloads\labeling\train\tmp.jpg</path>
	<source>
		<database>Unknown</database>
	</source>
	<size>
		<width>640</width>
		<height>480</height>
		<depth>3</depth>
	</size>
	<segmented>0</segmented>
	<object>
		<name>anchorpoint</name>
		<pose>Unspecified</pose>
		<truncated>0</truncated>
		<difficult>0</difficult>
		<bndbox>
			<xmin>287</xmin>
			<ymin>210</ymin>
			<xmax>378</xmax>
			<ymax>299</ymax>
		</bndbox>
	</object>
</annotation>
